Date,Close/Last,Volume,Open,High,Low
05/19/2023,$11.71,150269300,$11.97,$12.41,$11.52
05/18/2023,$11.74,171402300,$10.46,$11.81,$10.39
05/17/2023,$10.25,63834520,$9.54,$10.285,$9.46
05/16/2023,$9.47,42311910,$9.40,$9.63,$9.35
05/15/2023,$9.52,53555520,$9.21,$9.60,$9.02
05/12/2023,$9.50,62123940,$9.86,$10.01,$9.47
05/11/2023,$9.88,73754070,$10.14,$10.1591,$9.71
05/10/2023,$9.94,149375000,$9.73,$10.30,$9.46
05/09/2023,$9.55,223573300,$9.22,$9.69,$8.655
05/08/2023,$7.74,105304000,$7.64,$7.855,$7.59
05/05/2023,$7.41,45848840,$7.44,$7.55,$7.32
05/04/2023,$7.38,29989340,$7.47,$7.52,$7.28
05/03/2023,$7.56,24322420,$7.62,$7.68,$7.45
05/02/2023,$7.59,38007950,$7.72,$7.91,$7.43
05/01/2023,$7.78,19134160,$7.75,$7.82,$7.66
04/28/2023,$7.75,24915470,$7.77,$8.00,$7.62
04/27/2023,$7.82,21385460,$7.83,$7.91,$7.72
04/26/2023,$7.74,21396730,$7.87,$7.91,$7.65
04/25/2023,$7.74,21849090,$8.00,$8.02,$7.73
04/24/2023,$8.10,20439280,$8.16,$8.25,$7.94
04/21/2023,$8.18,14896710,$8.14,$8.22,$8.09
04/20/2023,$8.15,23573040,$8.29,$8.50,$8.13
04/19/2023,$8.49,18193670,$8.58,$8.6575,$8.48
04/18/2023,$8.73,21185250,$8.93,$9.02,$8.72
04/17/2023,$8.80,26047510,$8.81,$9.04,$8.78
04/14/2023,$8.81,42364530,$8.53,$8.91,$8.47
04/13/2023,$8.58,27983250,$8.50,$8.70,$8.43
04/12/2023,$8.33,28771280,$8.75,$8.775,$8.30
04/11/2023,$8.61,35617850,$8.35,$8.79,$8.34
04/10/2023,$8.39,29184730,$8.00,$8.44,$7.90
04/06/2023,$8.09,23488560,$7.88,$8.14,$7.79
04/05/2023,$7.98,54946870,$8.63,$8.65,$7.84
04/04/2023,$8.35,23961230,$8.53,$8.54,$8.23
04/03/2023,$8.38,22511970,$8.37,$8.53,$8.21
03/31/2023,$8.45,26174840,$8.15,$8.48,$8.08
03/30/2023,$8.15,21001640,$8.33,$8.38,$8.05
03/29/2023,$8.22,15339670,$8.09,$8.25,$8.0512
03/28/2023,$8.00,14860490,$8.06,$8.12,$7.97
03/27/2023,$8.04,20666810,$8.15,$8.32,$7.94
03/24/2023,$8.20,17939820,$8.29,$8.35,$8.06
03/23/2023,$8.33,22662240,$8.32,$8.56,$8.16
03/22/2023,$8.21,34150970,$8.44,$8.62,$8.20
03/21/2023,$8.45,27104480,$8.20,$8.51,$8.17
03/20/2023,$8.08,25497390,$7.765,$8.095,$7.72
03/17/2023,$7.88,20920770,$7.93,$8.03,$7.84
03/16/2023,$7.98,20504460,$8.01,$8.0799,$7.86
03/15/2023,$7.90,28217380,$7.81,$7.99,$7.70
03/14/2023,$7.89,33460110,$8.05,$8.14,$7.78
03/13/2023,$7.87,63183530,$7.29,$8.15,$7.19
03/10/2023,$7.35,41953580,$7.59,$7.68,$7.28
03/09/2023,$7.69,29005920,$8.07,$8.26,$7.68
03/08/2023,$8.13,38723630,$8.36,$8.58,$8.06
03/07/2023,$8.28,26819620,$8.275,$8.425,$8.19
03/06/2023,$8.28,28316230,$8.34,$8.45,$8.20
03/03/2023,$8.33,43229100,$8.00,$8.50,$8.00
03/02/2023,$7.97,36805930,$7.59,$8.03,$7.56
03/01/2023,$7.69,27939110,$7.83,$7.91,$7.69
02/28/2023,$7.84,32937010,$7.96,$8.0973,$7.80
02/27/2023,$8.03,35270010,$8.12,$8.2299,$7.96
02/24/2023,$8.09,41518560,$7.94,$8.20,$7.87
02/23/2023,$8.17,60015540,$8.42,$8.48,$7.91
02/22/2023,$8.36,55346000,$8.48,$8.625,$8.16
02/21/2023,$8.47,65226610,$9.01,$9.10,$8.40
02/17/2023,$9.20,62137800,$9.57,$9.71,$9.085
02/16/2023,$9.71,88638840,$9.65,$10.31,$9.60
02/15/2023,$10.11,153514500,$9.16,$10.23,$9.11
02/14/2023,$9.22,216055200,$8.59,$9.295,$8.23
02/13/2023,$7.61,87397070,$7.58,$7.775,$7.45
02/10/2023,$7.51,43042400,$7.79,$7.86,$7.46
02/09/2023,$7.95,33366660,$8.34,$8.43,$7.94
02/08/2023,$8.22,35105480,$8.25,$8.57,$8.17
02/07/2023,$8.33,42201790,$8.33,$8.41,$8.06
02/06/2023,$8.31,38845470,$8.31,$8.535,$8.24
02/03/2023,$8.41,64785460,$8.54,$8.90,$8.3732
02/02/2023,$8.99,71889710,$8.51,$9.21,$8.47
02/01/2023,$8.20,50123740,$7.73,$8.22,$7.6803
01/31/2023,$7.78,40984040,$7.41,$7.82,$7.38
01/30/2023,$7.37,28567800,$7.50,$7.61,$7.36
01/27/2023,$7.55,37555170,$7.19,$7.73,$7.14
01/26/2023,$7.24,28005620,$7.37,$7.45,$7.04
01/25/2023,$7.22,37147940,$6.92,$7.27,$6.69
01/24/2023,$7.02,22649460,$8.76,$8.76,$5.84
01/23/2023,$7.38,31633290,$7.03,$7.41,$6.991
01/20/2023,$7.02,28751730,$6.76,$7.06,$6.72
01/19/2023,$6.73,24841660,$6.80,$6.895,$6.67
01/18/2023,$6.90,32743430,$7.155,$7.30,$6.88
01/17/2023,$7.07,30910340,$6.99,$7.15,$6.73
01/13/2023,$6.96,20981000,$6.84,$7.01,$6.81
01/12/2023,$7.01,30152470,$7.01,$7.05,$6.78
01/11/2023,$6.98,25936690,$6.84,$6.99,$6.76
01/10/2023,$6.70,28236580,$6.50,$6.72,$6.49
01/09/2023,$6.50,31028880,$6.49,$6.67,$6.40
01/06/2023,$6.40,30596400,$6.40,$6.4499,$6.09
01/05/2023,$6.32,34185990,$6.45,$6.49,$6.25
01/04/2023,$6.58,31660510,$6.48,$6.675,$6.37
01/03/2023,$6.39,29969950,$6.58,$6.64,$6.275
12/30/2022,$6.42,27830900,$6.19,$6.42,$6.19
12/29/2022,$6.40,42694170,$6.10,$6.525,$6.10
12/28/2022,$6.07,30096790,$5.98,$6.17,$5.95
12/27/2022,$6.00,34573340,$6.15,$6.22,$5.92
12/23/2022,$6.29,20418980,$6.27,$6.30,$6.07
12/22/2022,$6.32,28065980,$6.37,$6.38,$6.18
12/21/2022,$6.50,34408620,$6.24,$6.52,$6.04
12/20/2022,$6.31,30215580,$6.29,$6.54,$6.20
12/19/2022,$6.35,41511620,$6.80,$6.83,$6.32
12/16/2022,$6.90,32655550,$7.02,$7.08,$6.76
12/15/2022,$7.01,25417150,$7.17,$7.298,$7.01
12/14/2022,$7.35,22653790,$7.50,$7.60,$7.265
12/13/2022,$7.50,41033830,$7.73,$7.97,$7.49
12/12/2022,$7.29,22672400,$7.11,$7.31,$7.09
12/09/2022,$7.11,23367310,$7.06,$7.19,$7.03
12/08/2022,$7.12,23107690,$7.10,$7.27,$6.94
12/07/2022,$7.07,28351610,$7.08,$7.35,$7.02
12/06/2022,$6.99,32868070,$7.19,$7.195,$6.88
12/05/2022,$7.19,32158150,$7.62,$7.695,$7.105
12/02/2022,$7.66,18794030,$7.615,$7.76,$7.50
12/01/2022,$7.86,34424380,$7.51,$7.88,$7.47
11/30/2022,$7.50,32745740,$7.14,$7.51,$7.0325
11/29/2022,$7.08,22150770,$7.20,$7.30,$7.05
11/28/2022,$7.16,19467050,$7.23,$7.40,$7.15
11/25/2022,$7.28,10824420,$7.32,$7.3394,$7.19
11/23/2022,$7.37,24182860,$7.25,$7.42,$7.12
11/22/2022,$7.22,27327800,$7.18,$7.25,$6.98
11/21/2022,$7.19,36605640,$7.31,$7.32,$7.07
11/18/2022,$7.39,27245240,$7.76,$7.79,$7.31
11/17/2022,$7.62,33746450,$7.83,$7.88,$7.525
11/16/2022,$8.06,28436000,$8.18,$8.24,$8.00
11/15/2022,$8.34,34454140,$8.45,$8.47,$8.155
11/14/2022,$8.10,37313250,$8.18,$8.32,$7.953
11/11/2022,$8.41,55324140,$7.48,$8.42,$7.375
11/10/2022,$7.64,58579780,$7.46,$7.97,$7.43
11/09/2022,$6.98,42517300,$7.12,$7.185,$6.95
11/08/2022,$7.21,56353930,$7.08,$7.42,$6.91
11/07/2022,$7.02,99332840,$7.78,$7.85,$6.89
11/04/2022,$7.93,64338930,$8.19,$8.20,$7.65
11/03/2022,$8.08,36419550,$8.07,$8.30,$7.87
11/02/2022,$8.22,36042600,$8.70,$8.76,$8.20
11/01/2022,$8.65,29799980,$8.99,$9.06,$8.56
10/31/2022,$8.79,31376110,$8.59,$8.83,$8.43
10/28/2022,$8.64,20697360,$8.55,$8.66,$8.365
10/27/2022,$8.60,28940840,$8.68,$8.78,$8.46
10/26/2022,$8.57,33606930,$8.48,$9.05,$8.39
10/25/2022,$8.66,31001500,$8.36,$8.66,$8.36
10/24/2022,$8.27,28062250,$8.30,$8.30,$8.01
10/21/2022,$8.29,30705740,$7.93,$8.32,$7.81
10/20/2022,$8.04,26689510,$7.73,$8.26,$7.73
10/19/2022,$7.91,26593980,$8.06,$8.125,$7.845
10/18/2022,$8.16,37120360,$8.15,$8.33,$8.04
10/17/2022,$7.94,31751690,$7.71,$8.06,$7.69
10/14/2022,$7.53,37484780,$8.23,$8.31,$7.53
10/13/2022,$8.08,36040850,$7.74,$8.20,$7.565
10/12/2022,$8.07,30201560,$8.06,$8.10,$7.82
10/11/2022,$8.04,40775760,$7.99,$8.295,$7.70
10/10/2022,$8.06,26923340,$8.17,$8.18,$7.88
10/07/2022,$8.15,29550480,$8.26,$8.28,$8.11
10/06/2022,$8.47,27653440,$8.40,$8.60,$8.315
10/05/2022,$8.42,37790220,$8.26,$8.485,$8.075
10/04/2022,$8.46,36313340,$8.48,$8.61,$8.34
10/03/2022,$8.24,35523980,$8.145,$8.30,$7.97
09/30/2022,$8.13,47454790,$8.01,$8.50,$7.9709
09/29/2022,$8.08,57908660,$8.05,$8.33,$7.78
09/28/2022,$7.94,31955950,$7.63,$8.00,$7.62
09/27/2022,$7.63,31794680,$7.69,$7.835,$7.46
09/26/2022,$7.53,45429790,$7.35,$7.83,$7.35
09/23/2022,$7.40,34197320,$7.20,$7.42,$7.13
09/22/2022,$7.37,49138290,$7.74,$7.74,$7.24
09/21/2022,$7.69,36814510,$7.72,$8.07,$7.655
09/20/2022,$7.62,30349630,$7.78,$7.915,$7.60
09/19/2022,$7.86,29238770,$7.64,$7.86,$7.58
09/16/2022,$7.78,42155540,$7.75,$7.93,$7.64
09/15/2022,$8.01,51700630,$7.47,$8.10,$7.45
09/14/2022,$7.63,29422540,$7.45,$7.63,$7.33
09/13/2022,$7.48,29770660,$7.63,$7.66,$7.45
09/12/2022,$8.01,30544820,$7.86,$8.03,$7.82
09/09/2022,$7.79,27860610,$7.68,$7.82,$7.64
09/08/2022,$7.53,26303600,$7.33,$7.53,$7.27
09/07/2022,$7.39,30329960,$7.27,$7.43,$7.18
09/06/2022,$7.28,30429420,$7.45,$7.46,$7.17
09/02/2022,$7.40,25965040,$7.67,$7.67,$7.35
09/01/2022,$7.49,39079700,$7.61,$7.62,$7.22
08/31/2022,$7.72,28691530,$7.95,$8.00,$7.70
08/30/2022,$7.79,27189200,$7.93,$7.975,$7.68
08/29/2022,$7.81,28566220,$7.82,$7.9983,$7.76
08/26/2022,$7.94,34150360,$8.42,$8.43,$7.93
08/25/2022,$8.42,25635570,$8.22,$8.43,$8.05
08/24/2022,$8.10,26576410,$8.04,$8.36,$7.98
08/23/2022,$8.01,25658540,$8.10,$8.28,$8.00
08/22/2022,$8.07,37824870,$8.32,$8.40,$8.06
08/19/2022,$8.51,40560190,$9.00,$9.01,$8.48
08/18/2022,$9.15,26365590,$9.42,$9.47,$9.12
08/17/2022,$9.43,33933630,$9.56,$9.6188,$9.33
08/16/2022,$9.74,40681240,$9.85,$9.88,$9.36
08/15/2022,$9.91,33263350,$9.82,$10.10,$9.76
08/12/2022,$9.91,30638190,$9.55,$9.97,$9.42
08/11/2022,$9.42,44790860,$9.76,$10.05,$9.40
08/10/2022,$9.59,46054910,$9.51,$9.66,$9.32
08/09/2022,$9.25,58788930,$9.54,$9.57,$9.01
08/08/2022,$9.82,125272600,$9.77,$10.40,$9.71
08/05/2022,$11.45,50264850,$11.01,$11.62,$10.85
08/04/2022,$11.32,32093380,$11.19,$11.41,$11.03
08/03/2022,$11.20,35796470,$11.08,$11.34,$11.04
08/02/2022,$10.92,40958810,$10.32,$11.23,$10.26
08/01/2022,$10.47,31694730,$10.25,$10.70,$10.1216
07/29/2022,$10.35,31106610,$10.01,$10.35,$9.92
07/28/2022,$10.13,27172850,$10.03,$10.20,$9.74
07/27/2022,$10.02,29810930,$9.67,$10.03,$9.50
07/26/2022,$9.40,21997820,$9.66,$9.66,$9.38
07/25/2022,$9.68,21484980,$9.83,$9.85,$9.52
07/22/2022,$9.84,38915500,$10.35,$10.57,$9.73
07/21/2022,$10.49,51691190,$10.37,$10.76,$10.22
07/20/2022,$10.11,40845160,$9.44,$10.20,$9.44
07/19/2022,$9.34,29033770,$9.15,$9.37,$8.89
07/18/2022,$9.03,32428360,$9.25,$9.45,$9.005
07/15/2022,$9.04,34918130,$9.01,$9.12,$8.65
07/14/2022,$8.90,26702070,$9.23,$9.28,$8.85
07/13/2022,$9.28,32461300,$9.22,$9.55,$9.05
07/12/2022,$9.49,42765810,$9.66,$9.9599,$9.27
07/11/2022,$9.56,34049500,$9.98,$9.9938,$9.53
07/08/2022,$10.17,36737070,$9.92,$10.38,$9.83
07/07/2022,$10.18,35672510,$9.76,$10.28,$9.75
07/06/2022,$9.80,54604340,$10.01,$10.31,$9.74
07/05/2022,$10.07,55913040,$9.14,$10.10,$9.00
07/01/2022,$9.27,33504390,$9.11,$9.43,$9.0305
06/30/2022,$9.07,33636400,$9.02,$9.19,$8.72
06/29/2022,$9.23,40408660,$9.35,$9.42,$9.07
06/28/2022,$9.31,45683160,$9.57,$9.88,$9.19
06/27/2022,$9.62,44767950,$10.15,$10.16,$9.51
06/24/2022,$10.19,67826050,$9.53,$10.20,$9.48
06/23/2022,$9.46,44618050,$9.02,$9.50,$8.84
06/22/2022,$9.01,43486260,$8.52,$9.285,$8.45
06/21/2022,$8.71,48887630,$8.59,$9.05,$8.56
06/17/2022,$8.24,45517990,$7.70,$8.33,$7.69
06/16/2022,$7.67,36793540,$7.84,$7.985,$7.58
06/15/2022,$8.12,38235300,$7.92,$8.30,$7.815
06/14/2022,$7.82,30564140,$7.735,$7.98,$7.585
06/13/2022,$7.64,40942970,$7.99,$8.00,$7.50
06/10/2022,$8.26,30293240,$8.48,$8.58,$8.14
06/09/2022,$8.68,30588230,$9.13,$9.16,$8.67
06/08/2022,$9.18,29056310,$9.18,$9.42,$9.09
06/07/2022,$9.13,28049430,$8.89,$9.14,$8.73
06/06/2022,$8.98,35101110,$9.11,$9.21,$8.78
06/03/2022,$8.94,36632340,$9.04,$9.25,$8.86
06/02/2022,$9.30,41479910,$8.54,$9.39,$8.4606
06/01/2022,$8.46,34438070,$8.72,$8.9785,$8.38
05/31/2022,$8.68,41672270,$8.97,$9.10,$8.56
05/27/2022,$8.85,37063990,$8.50,$8.85,$8.4336
05/26/2022,$8.36,39738920,$7.84,$8.40,$7.77
05/25/2022,$7.96,35068950,$7.52,$8.0183,$7.51
05/24/2022,$7.55,47218650,$7.98,$7.99,$7.37
05/23/2022,$8.01,27755180,$8.01,$8.17,$7.80
05/20/2022,$8.08,40879110,$8.26,$8.40,$7.71
05/19/2022,$8.31,35780870,$7.97,$8.5814,$7.945
05/18/2022,$8.01,29304570,$8.21,$8.43,$7.92
05/17/2022,$8.36,38620820,$8.10,$8.46,$8.01
05/16/2022,$8.04,46153160,$8.17,$8.43,$8.01
05/13/2022,$8.34,69242700,$7.52,$8.35,$7.52
05/12/2022,$7.34,82147340,$6.55,$7.38,$6.44
05/11/2022,$6.71,72894880,$7.28,$7.54,$6.66
05/10/2022,$7.29,86932390,$7.56,$7.7032,$6.93
05/09/2022,$7.46,170871700,$7.78,$7.85,$7.32
05/06/2022,$9.48,69691300,$10.00,$10.05,$9.42
05/05/2022,$10.12,40523640,$10.80,$10.80,$9.98
05/04/2022,$10.98,43239870,$10.53,$11.01,$10.08
05/03/2022,$10.55,31372680,$10.69,$10.98,$10.44
05/02/2022,$10.74,41193850,$10.38,$10.755,$10.18
04/29/2022,$10.40,30937500,$10.90,$11.23,$10.36
04/28/2022,$10.95,40074510,$10.69,$11.045,$10.37
04/27/2022,$10.56,54508480,$11.01,$11.195,$10.53
04/26/2022,$11.12,38666480,$11.94,$12.05,$11.10
04/25/2022,$12.11,31727570,$11.83,$12.16,$11.68
04/22/2022,$11.96,30386140,$12.33,$12.73,$11.86
04/21/2022,$12.33,32008950,$13.02,$13.33,$12.225
04/20/2022,$12.79,31528610,$13.08,$13.17,$12.74
04/19/2022,$12.91,31753900,$12.08,$13.02,$12.07
04/18/2022,$12.15,25395600,$12.35,$12.415,$11.88
04/14/2022,$12.42,23284120,$12.92,$12.92,$12.41
04/13/2022,$12.90,21152880,$12.35,$12.94,$12.2311
04/12/2022,$12.46,26226530,$12.88,$13.20,$12.425
04/11/2022,$12.66,26095830,$12.45,$12.82,$12.13
04/08/2022,$12.70,24962500,$12.70,$13.05,$12.57
04/07/2022,$12.84,34727410,$12.95,$13.34,$12.48
04/06/2022,$13.00,40647690,$13.52,$13.54,$12.85
04/05/2022,$13.89,37677310,$14.61,$14.86,$13.795
04/04/2022,$14.63,40124780,$14.03,$14.66,$14.02
04/01/2022,$13.83,23831610,$13.77,$14.065,$13.50
03/31/2022,$13.73,22839960,$13.90,$14.06,$13.63
03/30/2022,$13.88,32163990,$14.04,$14.36,$13.74
03/29/2022,$14.20,46433720,$13.65,$14.28,$13.35
03/28/2022,$13.42,27151980,$13.01,$13.44,$12.855
03/25/2022,$12.97,24796930,$13.36,$13.395,$12.71
03/24/2022,$13.39,29535260,$13.25,$13.42,$12.83
03/23/2022,$13.18,33699350,$13.16,$13.55,$13.02
03/22/2022,$13.27,46210660,$12.52,$13.48,$12.52
03/21/2022,$12.59,39410850,$12.72,$13.05,$12.42
03/18/2022,$12.82,59125470,$12.28,$13.02,$12.215
03/17/2022,$12.32,43948860,$11.72,$12.37,$11.66
03/16/2022,$11.79,62746610,$10.95,$11.82,$10.9399
03/15/2022,$10.77,40451180,$10.47,$10.85,$10.27
03/14/2022,$10.50,49762550,$11.17,$11.41,$10.41
03/11/2022,$11.39,37817370,$11.86,$12.005,$11.37
03/10/2022,$11.87,52295390,$11.38,$11.97,$11.32
03/09/2022,$11.65,43591370,$11.41,$12.02,$11.27
03/08/2022,$11.04,49279560,$10.93,$11.39,$10.719
03/07/2022,$11.11,63070580,$11.43,$11.75,$11.10
03/04/2022,$10.96,43631140,$11.70,$11.77,$10.74
03/03/2022,$11.34,46171970,$12.01,$12.055,$11.235
03/02/2022,$12.06,56698280,$12.21,$12.21,$11.42
03/01/2022,$12.18,64867170,$11.99,$12.52,$11.71
02/28/2022,$11.85,75390480,$11.96,$12.18,$11.39
02/25/2022,$11.47,75433710,$11.59,$11.89,$11.00
02/24/2022,$11.83,118793000,$9.75,$11.87,$9.74
02/23/2022,$10.43,93964470,$10.83,$11.26,$10.40
02/22/2022,$10.48,104501500,$10.70,$11.185,$10.30
02/18/2022,$11.02,137808100,$11.92,$12.01,$10.57
02/17/2022,$11.77,151385400,$12.39,$12.70,$11.70
02/16/2022,$13.97,58624450,$13.91,$14.26,$13.66
02/15/2022,$14.17,48523680,$13.52,$14.185,$13.41
02/14/2022,$13.26,40617850,$13.10,$13.795,$12.98
02/11/2022,$13.13,41831570,$13.45,$13.92,$12.97
02/10/2022,$13.56,41998240,$13.50,$14.165,$13.37
02/09/2022,$13.87,34451920,$13.29,$13.89,$13.26
02/08/2022,$13.15,30317110,$12.75,$13.1885,$12.62
02/07/2022,$12.98,45646070,$13.025,$13.60,$12.94
02/04/2022,$12.94,38989150,$12.47,$13.09,$12.265
02/03/2022,$12.45,47236950,$12.95,$13.32,$12.42
02/02/2022,$13.32,47204310,$14.09,$14.20,$13.19
02/01/2022,$14.20,69012950,$14.23,$14.37,$13.56
01/31/2022,$13.71,51039250,$12.77,$13.74,$12.76
01/28/2022,$12.71,54887540,$12.30,$12.88,$11.89
01/27/2022,$12.28,52622860,$13.01,$13.06,$12.20
01/26/2022,$12.75,69949710,$13.60,$13.82,$12.68
01/25/2022,$13.06,47456620,$13.12,$13.60,$12.83
01/24/2022,$13.40,110640200,$12.79,$13.41,$11.75
01/21/2022,$13.53,73031310,$14.25,$14.478,$13.50
01/20/2022,$14.62,44690390,$14.89,$15.5499,$14.57
01/19/2022,$14.56,48049080,$14.90,$15.25,$14.54
01/18/2022,$14.97,49275070,$15.45,$15.75,$14.9201
01/14/2022,$16.01,35624910,$15.94,$16.2485,$15.62
01/13/2022,$16.01,35492190,$16.80,$16.82,$15.94
01/12/2022,$16.72,39784190,$17.16,$17.46,$16.40
01/11/2022,$16.89,47442590,$16.40,$17.25,$16.32
01/10/2022,$16.50,77649430,$16.19,$16.57,$15.35
01/07/2022,$16.56,37989270,$16.70,$17.33,$16.475
01/06/2022,$16.74,49737070,$16.87,$17.18,$16.055
01/05/2022,$16.96,58445910,$18.03,$18.5678,$16.87
01/04/2022,$18.17,39643170,$18.61,$18.84,$17.79
01/03/2022,$18.53,34386630,$18.36,$18.5687,$17.86
12/31/2021,$18.21,23556000,$18.61,$18.92,$18.21
12/30/2021,$18.69,29285190,$18.10,$18.995,$18.07
12/29/2021,$18.17,28217550,$18.53,$18.60,$17.91
12/28/2021,$18.57,20518850,$18.89,$19.0701,$18.44
12/27/2021,$18.94,21782030,$18.78,$19.25,$18.78
12/23/2021,$18.93,24758310,$18.85,$19.135,$18.72
12/22/2021,$18.88,33894180,$18.65,$19.45,$18.65
12/21/2021,$18.90,33878600,$18.16,$18.98,$18.10
12/20/2021,$17.96,42265900,$18.59,$18.67,$17.835
12/17/2021,$19.06,44495180,$18.03,$19.10,$17.81
12/16/2021,$18.34,33949970,$18.96,$19.12,$18.15
12/15/2021,$18.86,39361880,$18.37,$18.94,$17.995
12/14/2021,$18.64,38864750,$18.00,$18.859,$17.91
12/13/2021,$18.40,38376020,$18.80,$19.075,$18.17
12/10/2021,$18.94,27594490,$19.28,$19.58,$18.70
12/09/2021,$19.21,30354670,$19.95,$20.15,$19.04
12/08/2021,$19.82,28425940,$19.51,$19.825,$19.03
12/07/2021,$19.46,35128990,$19.26,$19.855,$19.07
12/06/2021,$18.80,56459760,$18.54,$18.97,$18.075
12/03/2021,$18.98,56039600,$19.50,$19.53,$18.40
12/02/2021,$19.69,45802940,$19.30,$19.91,$19.06
12/01/2021,$19.38,48488720,$20.53,$20.89,$19.29
11/30/2021,$20.65,38196420,$20.95,$21.25,$20.11
11/29/2021,$21.07,29113990,$21.19,$21.40,$20.56
11/26/2021,$21.03,20691210,$20.41,$21.09,$20.3485
11/24/2021,$21.11,35233900,$20.35,$21.20,$20.06
11/23/2021,$20.59,44587970,$20.59,$21.05,$20.05
11/22/2021,$20.65,59899110,$21.53,$21.57,$20.18
11/19/2021,$21.41,30013130,$21.60,$21.96,$21.30
11/18/2021,$21.50,51039940,$22.50,$22.55,$21.342
11/17/2021,$22.49,27994120,$23.05,$23.2189,$22.40
11/16/2021,$23.13,31574790,$23.29,$23.29,$22.61
11/15/2021,$23.41,33225730,$23.00,$23.52,$22.95
11/12/2021,$22.83,53516200,$23.02,$23.225,$22.38
11/11/2021,$22.99,43381490,$23.04,$23.1299,$22.665
11/10/2021,$22.52,94860150,$23.60,$23.64,$22.12
11/09/2021,$24.25,117540200,$25.90,$25.98,$23.95
11/08/2021,$26.75,41359560,$26.25,$27.11,$26.12
11/05/2021,$26.00,26004970,$26.45,$26.63,$25.72
11/04/2021,$26.47,25029660,$26.26,$26.57,$25.87
11/03/2021,$26.12,25244190,$25.89,$26.235,$25.17
11/02/2021,$25.92,30794630,$26.56,$26.72,$25.555
11/01/2021,$26.56,26684710,$26.11,$26.645,$25.8828
10/29/2021,$25.88,21910310,$25.50,$26.12,$25.45
10/28/2021,$25.64,21203030,$25.30,$25.795,$25.12
10/27/2021,$25.06,24157200,$25.64,$25.90,$25.02
10/26/2021,$25.52,56767030,$25.99,$26.75,$25.25
10/25/2021,$25.41,33962070,$24.50,$25.54,$24.48
10/22/2021,$24.43,20166830,$24.49,$24.85,$24.25
10/21/2021,$24.78,23976570,$24.13,$24.93,$24.08
10/20/2021,$24.22,24248050,$24.79,$24.96,$24.17
10/19/2021,$24.69,29393870,$24.50,$25.20,$24.36
10/18/2021,$24.26,25609890,$24.00,$24.39,$23.92
10/15/2021,$24.00,24366140,$24.50,$24.52,$23.83
10/14/2021,$24.35,26106710,$24.43,$24.71,$24.205
10/13/2021,$24.13,28494030,$23.83,$24.31,$23.79
10/12/2021,$23.69,26280040,$23.55,$23.81,$23.29
10/11/2021,$23.53,23971680,$23.26,$23.98,$23.26
10/08/2021,$23.50,39713420,$23.86,$24.0955,$23.11
10/07/2021,$23.73,38873700,$23.71,$24.13,$23.54
10/06/2021,$23.58,125175700,$24.91,$25.01,$23.35
10/05/2021,$23.21,56574820,$23.21,$23.88,$23.07
10/04/2021,$23.17,46789720,$24.01,$24.05,$23.02
10/01/2021,$24.33,32777970,$24.21,$24.36,$23.72
09/30/2021,$24.04,59505590,$24.69,$25.05,$23.88
09/29/2021,$24.52,46164520,$25.61,$25.70,$24.42
09/28/2021,$25.34,64206200,$27.02,$27.13,$25.21
09/27/2021,$27.47,44102850,$28.23,$28.38,$27.23
09/24/2021,$28.56,40309740,$28.27,$28.76,$27.9014
09/23/2021,$28.77,60028600,$27.71,$29.19,$27.67
09/22/2021,$27.43,44308150,$26.61,$27.77,$26.5822
09/21/2021,$26.62,50933600,$26.89,$27.149,$26.08
09/20/2021,$26.55,89413470,$27.57,$28.0999,$26.06
09/17/2021,$28.71,182214600,$28.66,$29.29,$28.07
09/16/2021,$28.63,109992000,$27.20,$28.79,$27.02
09/15/2021,$27.08,49555490,$26.30,$27.15,$26.03
09/14/2021,$26.26,34568980,$25.97,$26.70,$25.90
09/13/2021,$25.83,42372270,$26.15,$26.239,$25.03
09/10/2021,$26.28,37307790,$26.18,$26.73,$26.17
09/09/2021,$26.13,34190810,$25.39,$26.24,$25.29
09/08/2021,$25.58,54394360,$26.60,$26.61,$24.96
09/07/2021,$26.70,35835090,$26.79,$26.88,$26.2701
09/03/2021,$26.64,26652610,$26.49,$26.75,$26.22
09/02/2021,$26.51,38507380,$26.21,$26.87,$26.09
09/01/2021,$26.20,34417230,$26.46,$26.51,$26.03
08/31/2021,$26.34,93168650,$25.79,$26.36,$25.66
08/30/2021,$25.76,44139330,$25.74,$26.60,$25.62
08/27/2021,$25.71,52268500,$25.05,$26.09,$24.91
08/26/2021,$24.87,46179420,$24.40,$25.41,$24.36
08/25/2021,$24.35,54678450,$25.12,$25.19,$24.07
08/24/2021,$25.10,37227370,$25.00,$25.35,$24.76
08/23/2021,$24.82,35705260,$24.02,$24.93,$23.90
08/20/2021,$24.01,52062310,$24.22,$24.48,$23.66
08/19/2021,$24.16,67605650,$25.01,$25.64,$24.14
08/18/2021,$25.28,92065610,$24.07,$25.94,$23.68
08/17/2021,$23.97,35348320,$23.90,$24.59,$23.74
08/16/2021,$24.50,46189790,$24.90,$24.90,$23.77
08/13/2021,$24.90,52395090,$25.00,$25.10,$24.31
08/12/2021,$24.89,189542200,$24.45,$25.76,$23.585
08/11/2021,$22.35,34678970,$23.07,$23.19,$22.09
08/10/2021,$22.92,25947920,$23.01,$23.52,$22.78
08/09/2021,$22.93,35611060,$21.85,$23.28,$21.80
08/06/2021,$21.82,24200670,$22.64,$22.69,$21.79
08/05/2021,$22.52,18575250,$22.22,$22.77,$22.02
08/04/2021,$22.30,15537430,$22.20,$22.54,$22.07
08/03/2021,$22.24,17040070,$22.03,$22.27,$21.71
08/02/2021,$22.10,21372880,$21.91,$22.37,$21.48
07/30/2021,$21.71,15889150,$21.85,$22.406,$21.71
07/29/2021,$22.18,19219080,$22.78,$22.85,$22.14
07/28/2021,$22.56,25073560,$21.75,$22.615,$21.69
07/27/2021,$21.68,23078730,$21.96,$22.11,$21.09
07/26/2021,$22.13,16267890,$21.80,$22.30,$21.48
07/23/2021,$21.81,17653320,$22.01,$22.08,$21.51
07/22/2021,$22.07,17468880,$22.55,$22.67,$21.88
07/21/2021,$22.52,20437270,$22.27,$22.68,$22.12
07/20/2021,$22.18,22954030,$21.63,$22.35,$21.22
07/19/2021,$21.54,30314390,$20.97,$21.69,$20.55
07/16/2021,$21.37,19503110,$21.60,$21.71,$21.24
07/15/2021,$21.47,31870960,$21.72,$22.055,$21.01
07/14/2021,$21.56,33796190,$22.49,$22.62,$21.51
07/13/2021,$22.45,24748840,$22.98,$22.99,$22.42
07/12/2021,$22.95,23457170,$23.26,$23.495,$22.88
07/09/2021,$23.29,22492370,$22.96,$23.39,$22.76
07/08/2021,$23.08,34612560,$22.43,$23.21,$22.25
07/07/2021,$22.89,66937310,$24.23,$24.26,$22.72
07/06/2021,$24.68,28764530,$24.60,$25.20,$24.47
07/02/2021,$24.44,29529100,$25.00,$25.34,$24.33
07/01/2021,$24.72,55571520,$26.10,$26.13,$24.59
06/30/2021,$26.36,28957140,$26.48,$26.92,$26.21
06/29/2021,$26.63,38478920,$27.38,$27.44,$26.44
06/28/2021,$27.38,42184610,$26.98,$27.50,$26.86
06/25/2021,$26.78,140832700,$26.58,$27.01,$26.245
06/24/2021,$26.53,48419360,$26.49,$26.71,$26.17
06/23/2021,$26.27,53362160,$25.46,$26.35,$25.34
06/22/2021,$25.40,46171050,$25.39,$25.52,$24.96
06/21/2021,$25.42,54805000,$25.10,$25.55,$24.51
06/18/2021,$25.37,65852610,$25.59,$25.94,$25.02
06/17/2021,$25.45,64408370,$24.68,$25.46,$24.55
06/16/2021,$24.80,58452610,$24.09,$24.94,$23.86
06/15/2021,$24.41,46693200,$25.03,$25.55,$24.39
06/14/2021,$25.00,51801480,$24.73,$25.15,$24.47
06/11/2021,$24.67,33113060,$24.12,$24.71,$24.03
06/10/2021,$24.14,35482900,$24.00,$24.39,$23.44
06/09/2021,$24.17,36006240,$24.45,$24.74,$24.17
06/08/2021,$24.38,53488560,$24.85,$25.23,$23.93
06/07/2021,$24.46,49641040,$24.00,$24.76,$23.79
06/04/2021,$24.03,42537600,$23.71,$24.49,$23.50
06/03/2021,$23.63,48164190,$24.14,$24.26,$23.34
06/02/2021,$24.45,86473160,$23.02,$24.84,$22.82
06/01/2021,$23.06,52695510,$23.19,$23.3499,$22.36
05/28/2021,$22.95,111846000,$23.00,$24.75,$22.76
05/27/2021,$22.70,76230460,$22.01,$22.70,$21.65
05/26/2021,$22.12,42958300,$21.58,$22.24,$21.49
05/25/2021,$21.48,49890800,$21.42,$22.11,$21.28
05/24/2021,$21.22,46596780,$21.06,$21.52,$20.675
05/21/2021,$20.75,35372920,$20.84,$21.16,$20.47
05/20/2021,$20.61,46302390,$20.75,$20.81,$20.28
05/19/2021,$20.67,45314040,$20.10,$21.035,$19.94
05/18/2021,$21.24,59672370,$20.52,$21.62,$20.26
05/17/2021,$20.46,49855360,$19.73,$20.49,$19.63
05/14/2021,$20.08,79409510,$18.82,$20.20,$18.53
05/13/2021,$18.37,87811610,$19.14,$19.47,$17.82
05/12/2021,$18.89,128281500,$20.00,$20.00,$18.51
05/11/2021,$20.21,203230500,$17.20,$20.30,$17.055
05/10/2021,$18.47,104670500,$19.28,$19.30,$18.18
05/07/2021,$19.75,63725500,$20.30,$20.75,$19.58
05/06/2021,$20.09,92201100,$21.02,$21.02,$19.41
05/05/2021,$21.15,24303630,$21.81,$21.94,$20.97
05/04/2021,$21.64,63429550,$21.94,$22.20,$20.87
05/03/2021,$22.30,33934420,$23.01,$23.08,$22.21
04/30/2021,$23.04,24717300,$23.18,$23.55,$22.84
04/29/2021,$23.37,36770150,$23.87,$24.14,$22.81
04/28/2021,$23.85,22068110,$23.67,$24.17,$23.42
04/27/2021,$23.88,27678340,$24.17,$24.26,$23.57
04/26/2021,$24.11,33667580,$23.69,$24.26,$23.46
04/23/2021,$23.41,32169530,$22.89,$23.55,$22.74
04/22/2021,$22.86,51346370,$22.94,$23.51,$22.51
04/21/2021,$22.63,42641400,$21.65,$22.64,$21.43
04/20/2021,$21.78,47123090,$21.96,$22.55,$21.24
04/19/2021,$21.94,45753870,$22.15,$22.33,$21.53
04/16/2021,$22.47,46627690,$22.86,$23.26,$22.30
04/15/2021,$23.15,58849350,$24.01,$24.06,$22.69
04/14/2021,$23.70,108793800,$25.35,$26.20,$23.65
04/13/2021,$25.42,83913490,$23.19,$25.6585,$23.12
04/12/2021,$23.34,68620840,$24.52,$24.55,$22.73
04/09/2021,$24.04,54082680,$23.46,$24.35,$23.37
04/08/2021,$23.41,35905540,$23.20,$23.60,$22.74
04/07/2021,$22.90,32766190,$23.00,$23.55,$22.81
04/06/2021,$23.27,41933450,$23.55,$23.61,$22.83
04/05/2021,$23.44,65374260,$23.78,$24.45,$23.3401
04/01/2021,$23.07,51788760,$23.95,$23.95,$22.73
03/31/2021,$23.29,61458500,$22.50,$23.85,$22.38
03/30/2021,$22.04,52039740,$21.36,$22.09,$20.86
03/29/2021,$21.73,57647370,$22.48,$22.50,$21.39
03/26/2021,$22.58,57916430,$22.63,$23.05,$21.76
03/25/2021,$22.58,74592580,$21.20,$22.80,$21.05
03/24/2021,$21.88,69271890,$23.30,$23.485,$21.75
03/23/2021,$23.26,50169700,$24.00,$24.105,$23.10
03/22/2021,$24.22,46208150,$24.89,$24.92,$23.86
03/19/2021,$24.32,57915870,$24.01,$24.57,$23.39
03/18/2021,$23.98,57523320,$24.73,$25.18,$23.78
03/17/2021,$25.21,77081740,$24.52,$25.73,$24.30
03/16/2021,$25.61,73615140,$26.75,$27.10,$25.23
03/15/2021,$26.79,56548960,$27.35,$27.47,$26.31
03/12/2021,$26.92,58721860,$25.74,$26.92,$25.18
03/11/2021,$26.73,84788710,$25.95,$26.84,$25.58
03/10/2021,$24.75,103212800,$25.03,$26.24,$24.27
03/09/2021,$24.26,99586460,$23.38,$24.74,$23.10
03/08/2021,$22.52,94432810,$23.77,$24.58,$22.40
03/05/2021,$23.95,173468600,$24.36,$24.68,$20.18
03/04/2021,$24.73,161611200,$24.85,$25.56,$23.05
03/03/2021,$23.59,79046240,$24.99,$25.1678,$23.43
03/02/2021,$24.48,73996950,$25.00,$25.59,$24.26
03/01/2021,$24.81,85059880,$25.19,$25.90,$24.62
02/26/2021,$23.90,119588600,$24.20,$24.50,$22.70
02/25/2021,$23.96,161776400,$25.82,$26.44,$23.15
02/24/2021,$26.39,90095690,$26.71,$27.23,$25.75
02/23/2021,$26.75,145289400,$25.96,$27.46,$23.90
02/22/2021,$28.00,183049500,$29.96,$30.19,$27.536
02/19/2021,$29.00,320063700,$27.02,$29.96,$26.90
02/18/2021,$25.17,313175100,$24.99,$26.31,$24.50
02/17/2021,$27.08,151007000,$27.99,$29.73,$27.00
02/16/2021,$27.84,180294300,$30.02,$30.44,$27.30
02/12/2021,$31.91,60925590,$33.36,$33.65,$31.34
02/11/2021,$33.11,52094880,$35.79,$35.98,$32.61
02/10/2021,$35.70,45177250,$38.15,$38.24,$35.00
02/09/2021,$38.17,44243210,$36.90,$38.255,$36.13
02/08/2021,$36.05,72610620,$37.22,$39.22,$35.89
02/05/2021,$34.05,62375280,$32.61,$35.20,$31.75
02/04/2021,$32.05,31657210,$32.58,$33.18,$31.05
02/03/2021,$31.76,35312000,$32.39,$32.95,$31.38
02/02/2021,$31.02,69647950,$34.10,$34.20,$30.50
02/01/2021,$33.96,43460900,$35.33,$35.6199,$32.58
01/29/2021,$35.18,42030920,$36.61,$38.01,$34.66
01/28/2021,$35.66,85250680,$39.54,$42.00,$33.10
01/27/2021,$39.00,170758800,$32.97,$45.00,$32.25
01/26/2021,$35.37,65869980,$35.14,$36.87,$34.32
01/25/2021,$36.23,191345300,$34.46,$39.58,$29.56
01/22/2021,$32.58,156844700,$25.85,$32.65,$25.82
01/21/2021,$25.98,29891350,$26.42,$26.68,$25.30
01/20/2021,$26.34,37459020,$27.29,$27.30,$25.70
01/19/2021,$26.62,48675850,$26.81,$27.54,$26.00
01/15/2021,$25.64,92285510,$26.26,$28.00,$25.46
01/14/2021,$24.92,32908000,$25.45,$25.62,$24.37
01/13/2021,$25.50,51216560,$25.71,$27.4298,$25.13
01/12/2021,$26.18,26994960,$26.34,$26.42,$25.51
01/11/2021,$25.93,32608980,$24.61,$26.60,$24.31
01/08/2021,$25.20,41313820,$25.70,$26.44,$24.70
01/07/2021,$25.00,32240050,$24.02,$25.19,$23.67
01/06/2021,$23.54,32732890,$24.12,$24.46,$23.25
01/05/2021,$24.60,29050440,$23.18,$24.67,$22.89
01/04/2021,$23.37,44970360,$23.91,$24.50,$22.50
12/31/2020,$23.55,39922550,$24.63,$24.72,$23.52
12/30/2020,$25.10,34586670,$24.97,$25.91,$24.63
12/29/2020,$24.66,47302420,$25.75,$26.1823,$24.34
12/28/2020,$25.63,55878710,$28.39,$28.59,$25.40
12/24/2020,$27.75,26306800,$28.798,$29.16,$27.52
12/23/2020,$28.69,58772230,$28.95,$29.39,$28.05
12/22/2020,$28.04,66196470,$29.03,$29.42,$26.82
12/21/2020,$28.51,76729130,$26.19,$28.70,$25.40
12/18/2020,$25.97,71042930,$26.27,$26.85,$25.80
12/17/2020,$27.23,53829800,$26.52,$27.45,$26.05
12/16/2020,$25.92,44013390,$25.71,$26.16,$25.11
12/15/2020,$26.43,49273240,$26.82,$27.10,$25.52
12/14/2020,$27.24,44734520,$28.26,$28.26,$26.7301
12/11/2020,$27.20,52764350,$27.15,$28.27,$26.06
12/10/2020,$27.04,57774820,$25.541,$28.04,$25.15
12/09/2020,$26.63,79634720,$28.68,$28.85,$25.33
12/08/2020,$28.59,124754300,$30.63,$31.24,$27.25
12/07/2020,$28.94,118463700,$24.44,$29.00,$24.44
12/04/2020,$23.85,56044060,$24.88,$25.24,$23.51
12/03/2020,$24.03,85634260,$23.55,$25.62,$23.50
12/02/2020,$22.51,149062100,$22.24,$23.40,$21.15
12/01/2020,$25.67,84539790,$28.09,$28.14,$24.45
11/30/2020,$27.11,137243000,$28.24,$30.15,$24.11
11/27/2020,$27.66,207834000,$31.19,$33.50,$26.12
11/25/2020,$29.05,202563700,$23.96,$29.75,$23.69
11/24/2020,$23.82,115468800,$22.35,$24.27,$20.63
11/23/2020,$21.04,84716300,$18.63,$21.45,$18.57
11/20/2020,$18.15,72103990,$19.03,$19.66,$18.00
11/19/2020,$18.98,56225400,$18.50,$18.98,$17.96
11/18/2020,$17.90,89957890,$18.28,$19.25,$17.54
11/17/2020,$17.85,116618500,$16.29,$18.75,$16.18
11/16/2020,$15.93,65325990,$15.96,$16.10,$15.01
11/13/2020,$15.80,76622570,$14.49,$16.00,$14.49
11/12/2020,$14.58,99287570,$16.66,$17.06,$14.41
11/11/2020,$15.96,47027940,$14.57,$15.97,$14.40
11/10/2020,$14.00,38078740,$14.99,$15.01,$13.18
11/09/2020,$14.67,60098960,$14.96,$15.90,$14.11
11/06/2020,$13.83,89977560,$12.22,$14.96,$12.05
11/05/2020,$11.88,48560380,$10.90,$12.13,$10.85
11/04/2020,$10.72,15783360,$10.82,$10.92,$10.55
11/03/2020,$10.50,21652810,$10.57,$10.94,$10.44
11/02/2020,$10.54,11677850,$10.23,$10.57,$10.23
10/30/2020,$10.13,19728370,$10.61,$10.68,$9.85
10/29/2020,$10.75,20515710,$10.90,$11.10,$10.56
10/28/2020,$10.85,30941720,$10.66,$10.985,$10.10
10/27/2020,$10.95,53695930,$10.00,$11.04,$9.92
10/26/2020,$9.95,23767340,$9.72,$9.97,$9.60
10/23/2020,$9.49,12618010,$9.71,$9.83,$9.47
10/22/2020,$9.68,17928580,$9.37,$9.75,$9.22
10/21/2020,$9.20,9189978,$9.30,$9.48,$9.20
10/20/2020,$9.27,11138220,$9.60,$9.66,$9.27
10/19/2020,$9.57,9126352,$9.79,$9.82,$9.53
10/16/2020,$9.71,11142460,$9.94,$9.95,$9.66
10/15/2020,$9.91,12924090,$9.27,$9.91,$9.18
10/14/2020,$9.34,13785100,$9.60,$9.66,$9.29
10/13/2020,$9.47,21847180,$9.88,$9.88,$9.41
10/12/2020,$9.89,20623570,$10.04,$10.05,$9.66
10/09/2020,$9.95,19653450,$10.13,$10.19,$9.89
10/08/2020,$10.00,34989190,$10.29,$10.40,$9.99
10/07/2020,$10.00,54672420,$10.04,$10.49,$9.99
10/06/2020,$9.90,90864040,$9.04,$10.18,$8.90
10/05/2020,$9.03,36316880,$9.43,$9.49,$8.92
10/02/2020,$9.20,55018340,$9.06,$9.28,$8.94
10/01/2020,$9.46,124297600,$9.69,$10.10,$9.23
09/30/2020,$9.50,338584400,$10.00,$11.42,$9.11
